{"content":[{"id":"78a5fdb4","settings":{"hide_desktop":"hidden-desktop","hide_tablet":"hidden-tablet"},"elements":[{"id":"583ccf4","settings":{"_column_size":100,"_inline_size":null,"align_mobile":"flex-end"},"elements":[{"id":"35cf530f","settings":{"_element_width":"auto","hide_desktop":"hidden-desktop","hide_tablet":"hidden-tablet"},"elements":[],"isInner":false,"widgetType":"wdk-currency-picker","elType":"widget"},{"id":"4eca82aa","settings":{"link_not_login_text":"Login","link_not_login_icon":{"value":"fas fa-user","library":"fa-solid"},"link_login_icon":{"value":"fas fa-user-times","library":"fa-solid"},"btn_dynamic_typonormal_typography":"custom","btn_dynamic_typonormal_font_family":"Montserrat","btn_dynamic_typonormal_font_size":{"unit":"px","size":15,"sizes":[]},"btn_dynamic_colornormal":"#161616","btn_dynamic_backgroundnormal":"#FFFFFF","btn_dynamic_paddingnormal":{"unit":"px","top":"10","right":"16","bottom":"10","left":"16","isLinked":false},"btn_dynamic_colorhover":"#0074E4","_element_width":"auto","_margin":{"unit":"px","top":"0","right":"9","bottom":"0","left":"0","isLinked":false},"icon_dynamic_marginnormal":{"unit":"px","top":"0","right":"3","bottom":"0","left":"0","isLinked":false},"link_login_text_attr":"Logout","link_dash_text_attr":"Dash","btn_logout_dynamic_paddingnormal":{"unit":"px","top":"10","right":"7","bottom":"10","left":"7","isLinked":false},"_margin_mobile":{"unit":"px","top":"0","right":"-10","bottom":"0","left":"0","isLinked":false},"_padding_mobile":{"unit":"px","top":"0","right":"0","bottom":"0","left":"0","isLinked":false},"hide_desktop":"hidden-desktop","hide_tablet":"hidden-tablet"},"elements":[],"isInner":false,"widgetType":"wdk-button-login","elType":"widget"}],"isInner":false,"elType":"column"}],"isInner":false,"elType":"section"},{"id":"7cc56baa","settings":{"structure":"30","ma_el_slider_delay":"5000","padding":{"unit":"px","top":"25","right":"0","bottom":"25","left":"0","isLinked":false},"z_index":105,"padding_mobile":{"unit":"px","top":"0","right":"0","bottom":"25","left":"0","isLinked":false}},"elements":[{"id":"62ec6300","settings":{"_column_size":33,"_inline_size":22.018,"content_position":"center","ma_el_slider_delay":"5000","_inline_size_tablet":35,"align_tablet":"left","_inline_size_mobile":80,"content_position_mobile":"center","align_mobile":"flex-start"},"elements":[{"id":"14167229","settings":{"_margin":{"unit":"px","top":"7","right":"0","bottom":"3","left":"0","isLinked":false}},"elements":[],"isInner":false,"widgetType":"eli-logo","elType":"widget"}],"isInner":false,"elType":"column"},{"id":"4858dd2c","settings":{"_column_size":33,"_inline_size":45.789,"content_position":"center","ma_el_slider_delay":"5000","_inline_size_tablet":21,"padding":{"unit":"px","top":"0","right":"0","bottom":"0","left":"0","isLinked":true},"_inline_size_mobile":20,"content_position_mobile":"center","align_mobile":"flex-end","padding_tablet":{"unit":"px","top":"15","right":"15","bottom":"15","left":"15","isLinked":true},"padding_mobile":{"unit":"px","top":"15","right":"10","bottom":"15","left":"15","isLinked":true}},"elements":[{"id":"7247a71e","settings":{"menu_typography_typography":"custom","menu_typography_font_family":"Montserrat","menu_typography_font_size":{"unit":"px","size":15,"sizes":[]},"menu_typography_font_weight":"400","padding_horizontal_menu_item":{"unit":"px","size":11,"sizes":[]},"menu_space_between":{"unit":"px","size":0,"sizes":[]},"_element_width_mobile":"auto","color_menu_item":"#161616","color_menu_item_hover":"#0074E4","color_menu_item_active":"#0074E4","color_dropdown_item_hover":"#0b2138","color_dropdown_item_hover_f":"#0074E4","color_dropdown_item_active_mobile_f":"#0074E4","background_color_dropdown_item_hover":"#fff","color_dropdown_item_active":"#0074E4","background_color_dropdown_item_active":"#0B2138","toggle_color_hover":"#161616","toggle_background_color_hover":"#FFFFFF","color_dropdown_item":"#FFFFFF","background_color_dropdown_item":"#0B2138","dropdown_typography_typography":"custom","dropdown_typography_font_family":"Montserrat","dropdown_typography_font_size":{"unit":"px","size":14,"sizes":[]},"dropdown_typography_font_weight":"400","full_width_mobile_menu":{"unit":"px","size":250,"sizes":[]},"mobile_container":{"unit":"px","top":"145","right":"0","bottom":"0","left":"0","isLinked":false},"mobile_container_mobile":{"unit":"px","top":"145","right":"0","bottom":"0","left":"0","isLinked":false},"mobile_container_bckg":"#0A2138","dropdown_item_border":"solid","dropdown_item_width_mobile":{"unit":"px","top":"0","right":"0","bottom":"1","left":"0","isLinked":false},"dropdown_item_color":"#FFFFFF33","dropdown_typography_font_size_mobile":{"unit":"px","size":16,"sizes":[]},"dropdown_border_width_mobile":{"unit":"px","top":"0","right":"0","bottom":"0","left":"0","isLinked":false},"dropdown_border_color":"#FFFFFF33","padding_horizontal_dropdown_item_mobile":{"unit":"px","size":15,"sizes":[]},"padding_vertical_dropdown_item_mobile":{"unit":"px","size":18,"sizes":[]},"background_color_dropdown_item_mobile":"#0B2138","dropdown_item_mobile_border":"solid","dropdown_item_mobile_width":{"unit":"px","top":"0","right":"0","bottom":"0","left":"0","isLinked":true},"background_color_dropdown_item_hover_mobile_f":"#0A2138","_element_width_tablet": "auto","background_color_dropdown_item_active_mobile_f":"#0A2138","drop_box_padding_mobile_subbox_mobile":{"unit":"px","top":"5","right":"0","bottom":"5","left":"20","isLinked":false},"dropdown_border_mobile_subbox_border":"solid","dropdown_border_mobile_subbox_width_mobile":{"unit":"px","top":"0","right":"0","bottom":"1","left":"0","isLinked":false},"dropdown_border_mobile_subbox_color":"#FFFFFF33","padding_horizontal_dropdown_item_mobile_subbox_mobile":{"unit":"px","size":5,"sizes":[]},"padding_vertical_dropdown_item_mobile_subbox_mobile":{"unit":"px","size":10,"sizes":[]},"toggle_text_typo_typography":"custom","toggle_color":"#212529","toggle_size":{"unit":"px","size":30,"sizes":[]},"toggle_icon":{"value":"fas fa-bars","library":"fa-solid"}},"elements":[],"isInner":false,"widgetType":"eli-menu","elType":"widget"}],"isInner":false,"elType":"column"},{"id":"26a0d757","settings":{"_column_size":33,"_inline_size":37.857,"content_position":"center","align":"flex-end","ma_el_slider_delay":"5000","_inline_size_tablet":50,"hide_mobile":"hidden-phone","padding":{"unit":"px","top":"0","right":"0","bottom":"0","left":"0","isLinked":true},"padding_tablet":{"unit":"px","top":"10","right":"10","bottom":"10","left":"10","isLinked":true}},"elements":[{"id":"47cf6a53","settings":{"_element_width":"auto"},"elements":[],"isInner":false,"widgetType":"wdk-currency-picker","elType":"widget"},{"id":"32156e67","settings":{"link_not_login_text":"Login","link_not_login_icon":{"value":"fas fa-user","library":"fa-solid"},"link_login_icon":{"value":"fas fa-user-times","library":"fa-solid"},"btn_dynamic_typonormal_typography":"custom","btn_dynamic_typonormal_font_family":"Montserrat","btn_dynamic_typonormal_font_size":{"unit":"px","size":15,"sizes":[]},"btn_dynamic_colornormal":"#161616","btn_dynamic_backgroundnormal":"#FFFFFF","btn_dynamic_paddingnormal":{"unit":"px","top":"10","right":"16","bottom":"10","left":"16","isLinked":false},"btn_dynamic_colorhover":"#0074E4","_element_width":"auto","_margin":{"unit":"px","top":"0","right":"9","bottom":"0","left":"0","isLinked":false},"icon_dynamic_marginnormal":{"unit":"px","top":"0","right":"3","bottom":"0","left":"0","isLinked":false},"link_login_text_attr":"Logout","link_dash_text_attr":"Dash","btn_logout_dynamic_paddingnormal":{"unit":"px","top":"10","right":"7","bottom":"10","left":"7","isLinked":false}},"elements":[],"isInner":false,"widgetType":"wdk-button-login","elType":"widget"},{"id":"15445ef4","settings":{"link_text":"Add Property","_padding":{"unit":"px","top":"0","right":"5","bottom":"0","left":"0","isLinked":false},"link_icon":{"value":"fas fa-plus","library":"fa-solid"},"btn_dynamic_typonormal_typography":"custom","btn_dynamic_typonormal_font_family":"Montserrat","btn_dynamic_typonormal_font_size":{"unit":"px","size":15,"sizes":[]},"btn_dynamic_colornormal":"#0074E4","btn_dynamic_backgroundnormal":"#FFFFFF","btn_dynamic_bordernormal_border":"solid","btn_dynamic_bordernormal_width":{"unit":"px","top":"1","right":"1","bottom":"1","left":"1","isLinked":true},"btn_dynamic_bordernormal_color":"#0074E4","btn_dynamic_paddingnormal":{"unit":"px","top":"13","right":"20","bottom":"13","left":"20","isLinked":false},"btn_dynamic_colorhover":"#FFFFFF","btn_dynamic_backgroundhover":"#0074E4","btn_dynamic_transitionhover":{"unit":"px","size":485,"sizes":[]},"icon_dynamic_typonormal_font_family":"Montserrat","icon_dynamic_marginnormal":{"unit":"px","top":"0","right":"4","bottom":"0","left":"0","isLinked":false},"_element_width":"auto","btn_dynamic_border_radiusnormal":{"unit":"px","top":"3","right":"3","bottom":"3","left":"3","isLinked":true}},"elements":[],"isInner":false,"widgetType":"wdk-button-addlisting","elType":"widget"}],"isInner":false,"elType":"column"}],"isInner":false,"elType":"section"},{"id":"50c498aa","settings":{"gap":"no","background_background":"classic","background_color":"#F7F7F7"},"elements":[{"id":"61145703","settings":{"_column_size":100,"_inline_size":null},"elements":[{"id":"4df8c634","settings":{"title":"Register","header_size":"h1","align":"center","typography_typography":"custom","typography_font_family":"Montserrat","typography_font_size":{"unit":"px","size":36,"sizes":[]},"typography_font_weight":"700","_padding":{"unit":"px","top":"60","right":"35","bottom":"63","left":"35","isLinked":false},"title_color":"#161616"},"elements":[],"isInner":false,"widgetType":"heading","elType":"widget"}],"isInner":false,"elType":"column"}],"isInner":false,"elType":"section"},{"id":"4181f59b","settings":{"gap":"no","padding":{"unit":"px","top":"70","right":"0","bottom":"70","left":"0","isLinked":false}},"elements":[{"id":"b4ac2b8","settings":{"_column_size":100,"_inline_size":null},"elements":[{"id":"7ed47de1","settings":{"content_width":{"unit":"px","size":480,"sizes":[]},"border_radius":{"unit":"px","top":"0","right":"0","bottom":"0","left":"0","isLinked":false},"box_shadow_box_shadow":{"horizontal":0,"vertical":0,"blur":10,"spread":0,"color":"rgba(0, 0, 0, 0.07)"},"padding":{"unit":"px","top":"25","right":"25","bottom":"25","left":"25","isLinked":true}},"elements":[{"id":"578d216e","settings":{"_column_size":100,"_inline_size":null,"box_shadow_box_shadow_type":"yes","box_shadow_box_shadow":{"horizontal":0,"vertical":0,"blur":5,"spread":0,"color":"rgba(0, 0, 0, 0.2)"},"padding":{"unit":"px","top":"0","right":"0","bottom":"0","left":"0","isLinked":true}},"elements":[{"id":"13ea088a","settings":{"text":"Login","link":{"url":"https:\/\/www.wpdirectorykit.com\/nexproperty\/login\/","is_external":"","nofollow":"","custom_attributes":""},"align":"justify","typography_typography":"custom","typography_font_family":"Montserrat","typography_font_size":{"unit":"px","size":18,"sizes":[]},"typography_font_weight":"500","border_radius":{"unit":"px","top":"0","right":"0","bottom":"0","left":"0","isLinked":true},"text_padding":{"unit":"px","top":"17","right":"17","bottom":"17","left":"17","isLinked":true},"_element_width":"initial","_element_custom_width":{"unit":"%","size":50,"sizes":[]},"background_color":"#B7B7B7","button_background_hover_color":"#0174E3"},"elements":[],"isInner":false,"widgetType":"button","elType":"widget"},{"id":"5b156943","settings":{"text":"Register","align":"justify","typography_typography":"custom","typography_font_family":"Montserrat","typography_font_size":{"unit":"px","size":18,"sizes":[]},"typography_font_weight":"500","background_color":"#0174E3","border_radius":{"unit":"px","top":"0","right":"0","bottom":"0","left":"0","isLinked":true},"text_padding":{"unit":"px","top":"17","right":"17","bottom":"17","left":"17","isLinked":true},"_element_width":"initial","_element_custom_width":{"unit":"%","size":50,"sizes":[]}},"elements":[],"isInner":false,"widgetType":"button","elType":"widget"},{"id":"34c19dcd","settings":{"field_email":"Email","field_register_placehoder":"Email","field_username":"Username","field_username_placehoder":"Username","field_password":"Password","field_password_placehoder":"Password","field_repassword":"Retype Password","field_repassword_placehoder":"Retype Password","field_remember":"Remember me","field_forgot":"Forgot Password?","field_submit":"Register","_padding":{"unit":"px","top":"25","right":"25","bottom":"25","left":"25","isLinked":true},"_background_background":"classic","_background_color":"#FFFFFF","_border_color":"#869099A8","_box_shadow_box_shadow":{"horizontal":0,"vertical":0,"blur":18,"spread":4,"color":"rgba(0, 0, 0, 0.07)"},"_element_width":"initial","_element_custom_width":{"unit":"%","size":100,"sizes":[]},"_element_vertical_align":"center","field_email_placehoder":"Email","field_email_placeholder":"Email","field_password_placeholder":"Passwords","field_repassword_placeholder":"Retype Password","additional_fields_list":[]},"elements":[],"isInner":false,"widgetType":"wdk-register-form","elType":"widget"}],"isInner":true,"elType":"column"}],"isInner":true,"elType":"section"}],"isInner":false,"elType":"column"}],"isInner":false,"elType":"section"},{"id":"72223c12","settings":{"structure":"40","background_background":"classic","background_color":"#12283E","ma_el_slider_delay":"5000","heading_color":"#FFFFFF","color_text":"#FFFFFF","padding":{"unit":"px","top":"76","right":"0","bottom":"8","left":"0","isLinked":false},"html_tag":"footer","text_align":"left","gap":"no"},"elements":[{"id":"11311ab","settings":{"_column_size":25,"_inline_size":null,"ma_el_slider_delay":"5000","margin":{"unit":"px","top":"0","right":"0","bottom":"0","left":"0","isLinked":false},"padding":{"unit":"px","top":"10","right":"10","bottom":"50","left":"10","isLinked":false},"padding_mobile":{"unit":"px","top":"0","right":"15","bottom":"40","left":"15","isLinked":false},"_inline_size_tablet":50},"elements":[{"id":"11f666a4","settings":{"logo_image_footer_enable":"yes","_margin":{"unit":"px","top":"0","right":"15","bottom":"0","left":"0","isLinked":false}},"elements":[],"isInner":false,"widgetType":"eli-logo","elType":"widget"},{"id":"31481f23","settings":{"editor":"Aenean sollicitudin, lorem quis bibend auctor, nisi elit consequat ipsum, necittis sem nibh id elit. Duis sed odio enim.","text_color":"#697A8B","typography_typography":"custom","typography_font_size":{"unit":"px","size":15,"sizes":[]},"typography_font_weight":"400","typography_line_height":{"unit":"em","size":1.7,"sizes":[]},"_margin":{"unit":"px","top":"0","right":"0","bottom":"6","left":"0","isLinked":false},"align_mobile":"center"},"elements":[],"isInner":false,"widgetType":"text-editor","elType":"widget"},{"id":"9a415e6","settings":{"icon_list":[{"text":"(917) 382-2057","selected_icon":{"value":"fas fa-phone-alt","library":"fa-solid"},"_id":"2d3d480","link":{"url":"tel:\\\\9173822057","is_external":"","nofollow":"","custom_attributes":""}},{"text":"agent@info.com","selected_icon":{"value":"far fa-envelope","library":"fa-regular"},"_id":"1a73663","link":{"url":"mailto:agent@info.com","is_external":"","nofollow":"","custom_attributes":""}}],"space_between":{"unit":"px","size":13,"sizes":[]},"icon_color":"#FFFFFF","text_color":"#FFFFFF","icon_typography_typography":"custom","icon_typography_font_family":"Roboto","icon_typography_font_size":{"unit":"px","size":13,"sizes":[]},"icon_typography_font_weight":"600","icon_size":{"unit":"px","size":15,"sizes":[]},"link_click":"inline","icon_align_mobile":"center","text_color_hover":"#0074E4","icon_color_hover":"#0074E4"},"elements":[],"isInner":false,"widgetType":"icon-list","elType":"widget"}],"isInner":false,"elType":"column"},{"id":"4178d974","settings":{"_column_size":25,"_inline_size":27.018,"ma_el_slider_delay":"5000","padding":{"unit":"px","top":"10","right":"10","bottom":"50","left":"10","isLinked":false},"_inline_size_tablet":50},"elements":[{"id":"52cfa7ce","settings":{"title":"Popular Properties","typography_typography":"custom","typography_font_family":"Roboto","typography_font_size":{"unit":"px","size":16,"sizes":[]},"typography_font_weight":"600","_margin":{"unit":"px","top":"7","right":"0","bottom":"11","left":"0","isLinked":false},"align_mobile":"center","title_color":"#FFFFFF"},"elements":[],"isInner":false,"widgetType":"heading","elType":"widget"},{"id":"317f4cdc","settings":{"per_page":2,"conf_order_by_custom":"post_id","conf_custom_results":[],"custom_order_list":[],"item_title_dynamic_colornormal":"#FFFFFF","item_title_dynamic_colorhover":"#0074E4"},"elements":[],"isInner":false,"widgetType":"wdk-listings-list","elType":"widget"}],"isInner":false,"elType":"column"},{"id":"2ca573e8","settings":{"_column_size":25,"_inline_size":20.92,"ma_el_slider_delay":"5000","padding":{"unit":"px","top":"10","right":"10","bottom":"50","left":"10","isLinked":false},"_inline_size_tablet":50},"elements":[{"id":"79fecf3a","settings":{"title":"Links","typography_typography":"custom","typography_font_family":"Roboto","typography_font_size":{"unit":"px","size":16,"sizes":[]},"typography_font_weight":"600","_margin":{"unit":"px","top":"7","right":"0","bottom":"11","left":"0","isLinked":false},"align_mobile":"center","title_color":"#FFFFFF"},"elements":[],"isInner":false,"widgetType":"heading","elType":"widget"},{"id":"960e780","settings":{"icon_list":[{"text":"Featured Properties","selected_icon":{"value":"fas fa-chevron-right","library":"fa-solid"},"_id":"fa1d762","link":{"url":"https:\/\/www.wpdirectorykit.com\/nexproperty\/grid-map\/?is_featured=on#results","is_external":"","nofollow":"","custom_attributes":""}},{"text":"Recent Posts","selected_icon":{"value":"fas fa-chevron-right","library":"fa-solid"},"_id":"46d1e0a","link":{"url":"https:\/\/www.wpdirectorykit.com\/nexproperty\/blog\/","is_external":"","nofollow":"","custom_attributes":""}},{"text":" Popular Categories","selected_icon":{"value":"fas fa-chevron-right","library":"fa-solid"},"_id":"9ab7f27","link":{"url":"https:\/\/www.wpdirectorykit.com\/nexproperty\/home-alt\/","is_external":"","nofollow":"","custom_attributes":""}},{"text":"Recent for Sale","selected_icon":{"value":"fas fa-chevron-right","library":"fa-solid"},"_id":"989bdca","link":{"url":"#","is_external":"","nofollow":"","custom_attributes":""}}],"space_between":{"unit":"px","size":19,"sizes":[]},"text_color":"#FFFFFF","icon_typography_typography":"custom","icon_typography_font_family":"Roboto","icon_typography_font_size":{"unit":"px","size":14,"sizes":[]},"icon_typography_font_weight":"400","text_indent":{"unit":"px","size":12,"sizes":[]},"_padding":{"unit":"px","top":"8","right":"0","bottom":"0","left":"0","isLinked":false},"icon_size":{"unit":"px","size":10,"sizes":[]},"icon_typography_line_height":{"unit":"em","size":1.3,"sizes":[]},"icon_align_mobile":"center","icon_color":"#0074E4","text_color_hover":"#0074E4"},"elements":[],"isInner":false,"widgetType":"icon-list","elType":"widget"}],"isInner":false,"elType":"column"},{"id":"44b9deb2","settings":{"_column_size":25,"_inline_size":27.018,"ma_el_slider_delay":"5000","padding":{"unit":"px","top":"10","right":"10","bottom":"50","left":"10","isLinked":false},"content_position":"top","align":"flex-start","space_between_widgets":0,"margin":{"unit":"px","top":"0","right":"0","bottom":"0","left":"0","isLinked":true},"css_classes":"no-padding","padding_mobile":{"unit":"px","top":"0","right":"15","bottom":"50","left":"15","isLinked":false},"_inline_size_tablet":50},"elements":[{"id":"1346479f","settings":{"title":"Newsletter","typography_typography":"custom","typography_font_family":"Roboto","typography_font_size":{"unit":"px","size":16,"sizes":[]},"typography_font_weight":"600","_margin":{"unit":"px","top":"7","right":"0","bottom":"11","left":"0","isLinked":false},"align_mobile":"center","title_color":"#FFFFFF"},"elements":[],"isInner":false,"widgetType":"heading","elType":"widget"},{"id":"76cc1fc6","settings":{"form_fields":[{"custom_id":"email","field_type":"email","required":"true","field_label":"Email","placeholder":"Email","_id":"7250807","show_label":""}],"button_text":"Subscribe","mail_data_to_email":"","mail_data_subject":"Subject","mail_data_from_email":"","mail_data_from_name":"NexProperty","success_message":"You are added to mail list","error_message":"An error occured.","required_field_message":"This field is required.","invalid_message":"There's something wrong. The form is invalid.","row_gap":{"unit":"px","size":11,"sizes":[]},"field_height":{"unit":"px","size":45,"sizes":[]},"field_border_radius":{"unit":"px","top":"3","right":"3","bottom":"3","left":"3","isLinked":true},"button_typography_typography":"custom","button_typography_font_family":"Montserrat","button_typography_font_size":{"unit":"px","size":14,"sizes":[]},"button_typography_font_weight":"400","button_border_radius":{"unit":"px","top":"3","right":"3","bottom":"3","left":"3","isLinked":true},"button_text_padding":{"unit":"px","top":"14","right":"14","bottom":"14","left":"14","isLinked":true},"_padding":{"unit":"px","top":"31","right":"0","bottom":"0","left":"0","isLinked":false},"button_background_color":"#0074E4"},"elements":[],"isInner":false,"widgetType":"eli-newsletter","elType":"widget"}],"isInner":false,"elType":"column"}],"isInner":false,"elType":"section"},{"id":"43ff2464","settings":{"gap":"no","background_background":"classic","background_color":"#12283E","ma_el_slider_delay":"5000","padding":{"unit":"px","top":"0","right":"0","bottom":"0","left":"0","isLinked":false}},"elements":[{"id":"2ac68b39","settings":{"_column_size":100,"_inline_size":null,"content_position":"center","ma_el_slider_delay":"5000","border_width":{"unit":"px","top":"0","right":"0","bottom":"0","left":"0","isLinked":false},"border_color":"#697A8B","margin":{"unit":"px","top":"0","right":"0","bottom":"0","left":"0","isLinked":false},"padding":{"unit":"px","top":"0","right":"10","bottom":"0","left":"10","isLinked":false},"color_link":"#697A8B","color_link_hover":"#0074E4","padding_mobile":{"unit":"px","top":"0","right":"0","bottom":"0","left":"0","isLinked":false}},"elements":[{"id":"791cf3e7","settings":{"structure":"20","margin":{"unit":"px","top":"0","right":0,"bottom":"0","left":0,"isLinked":true},"padding":{"unit":"px","top":"17","right":"0","bottom":"17","left":"0","isLinked":false},"border_border":"solid","border_width":{"unit":"px","top":"1","right":"0","bottom":"0","left":"0","isLinked":false},"border_color":"#697A8B"},"elements":[{"id":"3f789a09","settings":{"_column_size":50,"_inline_size":null,"padding":{"unit":"px","top":"10","right":"0","bottom":"10","left":"0","isLinked":false}},"elements":[{"id":"1a435e91","settings":{"title":"Copyright \u00a9 2022 NexProperty","header_size":"div","align":"left","title_color":"#697A8B","typography_typography":"custom","typography_font_family":"Roboto","typography_font_size":{"unit":"px","size":13,"sizes":[]},"typography_font_weight":"500","_padding":{"unit":"px","top":"0","right":"0","bottom":"0","left":"0","isLinked":true},"text_shadow_text_shadow_type":"yes","align_mobile":"center"},"elements":[],"isInner":false,"widgetType":"heading","elType":"widget"}],"isInner":true,"elType":"column"},{"id":"3ddbfbe8","settings":{"_column_size":50,"_inline_size":null,"color_link":"#697A8B","color_link_hover":"#0074E4","padding":{"unit":"px","top":"10","right":"0","bottom":"10","left":"000","isLinked":false}},"elements":[{"id":"37e4c5e5","settings":{"title":"Created using WPDirectoryKit","header_size":"div","align":"right","title_color":"#697A8B","typography_typography":"custom","typography_font_family":"Roboto","typography_font_size":{"unit":"px","size":13,"sizes":[]},"typography_font_weight":"500","text_shadow_text_shadow_type":"yes","link":{"url":"\/\/wpdirectorykit.com","is_external":"on","nofollow":"","custom_attributes":""},"align_mobile":"center"},"elements":[],"isInner":false,"widgetType":"heading","elType":"widget"}],"isInner":true,"elType":"column"}],"isInner":true,"elType":"section"}],"isInner":false,"elType":"column"}],"isInner":false,"elType":"section"}],"page_settings":[],"version":"0.4","title":"Register","type":"page"}