{"JakartaG.svg":"Jakarta","ad.svg":"Andorra","ae.svg":"United Arab Emirates","af.svg":"Afghanistan","ag.svg":"Antigua","ai.svg":"Anguilla","al.svg":"Albania","am.svg":"Armenia","ao.svg":"Angola","ar.svg":"Argentina","at.svg":"Austria","au.svg":"Australia","az.svg":"Azerbaijan","bb.svg":"Barbados","bd.svg":"Bangladesh","belgium.svg":"Belgium","bf.svg":"Burkina","bg.svg":"Bulgaria","bi.svg":"Burundi","bj.svg":"Benin","bm.svg":"Bermuda","bn.svg":"Brunei","bo.svg":"Bolivia","br.svg":"Brazil","bs.svg":"Bahamas","bt.svg":"Bhutan","by.svg":"Belarus","bz.svg":"Belize","ca.svg":"Canada","cd.svg":"Democratic Republic of the Congo","cf.svg":"Central African Republic","cg.svg":"Republic of Congo","ch.svg":"Switzerland","ci.svg":"C\u00f4te d'Ivoire","cm.svg":"Cameroon","cn.svg":"China","co.svg":"Colombia","cr.svg":"Costa Rica","cu.svg":"Cuba","cv.svg":"Cape Verde","cy.svg":"Cyprus","de.svg":"Germany","dj.svg":"Djibouti","dm.svg":"Dominica","do.svg":"Dominican","dz.svg":"Algeria","ec.svg":"Ecuador","ee.svg":"Estonia","eg.svg":"Egypt","er.svg":"Eritrea","es.svg":"Spain","et.svg":"Ethiopia","europe.svg":"Europe","fr.svg":"France","ga.svg":"Gabon","gb.svg":"United Kingdom","gd.svg":"Grenada","ge.svg":"Georgia","gh.svg":"Ghana","gl.svg":"Greenland","gm.svg":"The Gambia","gn.svg":"Guinea","gq.svg":"Equatorial Guinea","gr.svg":"Greece","gt.svg":"Guatemala","gw.svg":"Guinea-Bissau","gy.svg":"Guyana","hn.svg":"Honduras","hongKongLow.svg":"Hong Kong","hr.svg":"Croatia","ht.svg":"Haiti","hu.svg":"Hungary","id.svg":"Indonesia","ie.svg":"Ireland","il.svg":"Israel","in.svg":"India","iq.svg":"Iraq","ir.svg":"Iran","is.svg":"Iceland","it.svg":"Italy","jm.svg":"Jamaica","jo.svg":"Jordan","jp.svg":"Japan","ke.svg":"Kenya","kg.svg":"Kyrgyzstan","kh.svg":"Cambodia","km.svg":"Comoros","kn.svg":"Saint Kitts and Nevis","kosovo.svg":"Kosovo","kp.svg":"North Korea","kr.svg":"South Korea","kz.svg":"Kazakhstan","la.svg":"Laos","lb.svg":"Lebanon","lc.svg":"Saint Lucia","li.svg":"Liechtenstein","lk.svg":"Sri Lanka","lr.svg":"Liberia","ls.svg":"Lesotho","lt.svg":"Lithuania","lu.svg":"Luxembourg","ly.svg":"Libya","ma.svg":"Morocco","md.svg":"Moldova","me.svg":"Montenegro","mk.svg":"Macedonia","ml.svg":"Mali","mm.svg":"Myanmar","mn.svg":"Mongolia","mr.svg":"Mauritania","ms.svg":"Montserrat","mw.svg":"Malawi","mx.svg":"Mexico","my.svg":"Malaysia","mz.svg":"Mozambique","na.svg":"Namibia","nc.svg":"New Caledonia","ne.svg":"Niger","ng.svg":"Nigeria","ni.svg":"Nicaragua","nl.svg":"Netherlands","no.svg":"Norway","np.svg":"Nepal","nr.svg":"Nauru","nz.svg":"New Zealand","om.svg":"Oman","pa.svg":"Panama","pe.svg":"Peru","pg.svg":"Papua New Guinea","philippinesHigh.svg":"Philippines","pk.svg":"Pakistan","pl.svg":"Poland","pt.svg":"Portugal","py.svg":"Paraguay","qa.svg":"Qatar","reunion.svg":"Reunion","ro.svg":"Romania","rs.svg":"Serbia","ru.svg":"Russian Federation","sa.svg":"Saudi Arabia","sb.svg":"Solomon Islands","sd.svg":"Sudan","se.svg":"Sweden","sg.svg":"Singapore","si.svg":"Slovenia","sk.svg":"Slovakia","sl.svg":"Sierra Leone","sn.svg":"Senegal","so.svg":"Somalia","sr.svg":"Suriname","sv.svg":"El Salvador","sy.svg":"Syria","sz.svg":"Swaziland","td.svg":"Chad","tg.svg":"Togo","th.svg":"Thailand","tj.svg":"Tajikistan","tm.svg":"Turkmenistan","tn.svg":"Tunisia","tr.svg":"Turkey","tt.svg":"Trinidad and Tobago","tw.svg":"Taiwan","tz.svg":"Tanzania","ua.svg":"Ukraine","ug.svg":"Uganda","us.svg":"United States","uy.svg":"Uruguay","uz.svg":"Uzbekistan","vc.svg":"Saint Vincent and the Grenadines","ve.svg":"Venezuela","world-pacific.svg":"Pacific-centerd World","world.svg":"World","ye.svg":"Yemen","za.svg":"South Africa","zm.svg":"Zambia","zw.svg":"Zimbabwe"}